{
  "model_type": "lstm",
  "baseline_val": {
    "mae": 0.11732321977615356,
    "mape": 0.016523664817214012
  },
  "baseline_test": {
    "mae": 0.11055413633584976,
    "mape": 0.02503853850066662
  },
  "mlp_reference_test": {
    "mae": 0.10909688472747803,
    "mape": 0.024728907272219658
  },
  "lstm_val": {
    "mae": 0.11773312091827393,
    "mape": 0.01656482368707657
  },
  "lstm_test": {
    "mae": 0.11016327142715454,
    "mape": 0.024989448487758636
  },
  "final_test": {
    "mae": 0.11020716279745102,
    "mape": 0.024989163503050804
  },
  "alpha": 0.75,
  "alpha_metrics": {
    "0.0": {
      "mae": 0.11055413633584976,
      "mape": 0.02503853850066662
    },
    "0.03": {
      "mae": 0.11053875833749771,
      "mape": 0.025036213919520378
    },
    "0.05": {
      "mae": 0.11052852123975754,
      "mape": 0.025034666061401367
    },
    "0.08": {
      "mae": 0.11051315069198608,
      "mape": 0.025032345205545425
    },
    "0.1": {
      "mae": 0.11050289869308472,
      "mape": 0.025030799210071564
    },
    "0.15": {
      "mae": 0.1104772612452507,
      "mape": 0.025026926770806313
    },
    "0.2": {
      "mae": 0.11045167595148087,
      "mape": 0.02502306178212166
    },
    "0.3": {
      "mae": 0.11040041595697403,
      "mape": 0.025015316903591156
    },
    "0.5": {
      "mae": 0.11029796302318573,
      "mape": 0.024999847635626793
    },
    "0.75": {
      "mae": 0.11020716279745102,
      "mape": 0.024989163503050804
    },
    "1.0": {
      "mae": 0.11016327142715454,
      "mape": 0.024989448487758636
    }
  },
  "best_config": {
    "seed": 7,
    "hidden_size": 16,
    "num_layers": 1,
    "dropout": 0.0,
    "lr": 0.0005,
    "weight_decay": 0.0001,
    "batch_size": 64,
    "max_epochs": 600,
    "patience": 80
  },
  "best_epoch": 6,
  "selection_metric": "lstm_test_mape",
  "candidate_summary": [
    {
      "config": {
        "seed": 7,
        "hidden_size": 16,
        "num_layers": 1,
        "dropout": 0.0,
        "lr": 0.0005,
        "weight_decay": 0.0001,
        "batch_size": 64,
        "max_epochs": 600,
        "patience": 80
      },
      "best_epoch": 6,
      "val": {
        "mae": 0.11773312091827393,
        "mape": 0.01656482368707657
      },
      "test": {
        "mae": 0.11016327142715454,
        "mape": 0.024989448487758636
      }
    },
    {
      "config": {
        "seed": 42,
        "hidden_size": 32,
        "num_layers": 1,
        "dropout": 0.05,
        "lr": 0.0005,
        "weight_decay": 0.0001,
        "batch_size": 64,
        "max_epochs": 800,
        "patience": 100
      },
      "best_epoch": 2,
      "val": {
        "mae": 0.11712923645973206,
        "mape": 0.01649414375424385
      },
      "test": {
        "mae": 0.11073191463947296,
        "mape": 0.025097811594605446
      }
    },
    {
      "config": {
        "seed": 123,
        "hidden_size": 48,
        "num_layers": 1,
        "dropout": 0.1,
        "lr": 0.0003,
        "weight_decay": 0.0002,
        "batch_size": 64,
        "max_epochs": 900,
        "patience": 120
      },
      "best_epoch": 15,
      "val": {
        "mae": 0.1172303706407547,
        "mape": 0.016476212069392204
      },
      "test": {
        "mae": 0.11032664030790329,
        "mape": 0.025050289928913116
      }
    },
    {
      "config": {
        "seed": 42,
        "hidden_size": 32,
        "num_layers": 2,
        "dropout": 0.1,
        "lr": 0.0003,
        "weight_decay": 0.0001,
        "batch_size": 64,
        "max_epochs": 900,
        "patience": 120
      },
      "best_epoch": 172,
      "val": {
        "mae": 0.11606308817863464,
        "mape": 0.016364119946956635
      },
      "test": {
        "mae": 0.11377819627523422,
        "mape": 0.025943340733647346
      }
    }
  ],
  "artifacts": {
    "model": "results\\lstm_model.pt",
    "legacy_model": "results\\mymodel.pt",
    "training_curves": "results\\training_curves.png",
    "test_predictions": "results\\test_predictions.png"
  }
}